sample_id;prediction
131672_1767670500;30.3
131672_1767670800;81.0
131672_1767671100;171.8
131672_1767671400;126.2
134040_1767672000;37.8
134040_1767672300;36.4
134040_1767672600;25.8
134040_1767672900;34.9
134040_1767673200;67.9
134040_1767673500;78.8
122048_1767673800;75.9
122048_1767674100;21.1
122048_1767674400;37.4
122048_1767674700;-28.8
122048_1767675000;25.5
122048_1767675300;-1.2
131672_1767675600;13.6
131672_1767675900;5.8
131672_1767676200;-30.5
131672_1767676500;-6.1
131672_1767676800;-51.6
131672_1767677100;-6.6
122658_1767679500;38.3
122658_1767679800;55.0
122658_1767680100;55.2
122658_1767680400;22.8
122658_1767680700;197.2
134040_1767684600;-26.8
130238_1767684600;56.0
130238_1767684900;47.6
134040_1767684900;40.3
134040_1767685200;48.6
130238_1767685200;54.5
134040_1767685500;49.3
130238_1767685500;64.1
134040_1767685800;64.2
130238_1767685800;93.1
130238_1767686100;34.1
134040_1767686100;58.7
122658_1767686400;-1.6
122658_1767686700;-2.5
122658_1767687000;0.8
122658_1767687300;6.2
122658_1767687600;57.1
122658_1767687900;57.5
122613_1767690000;47.9
122613_1767690300;59.4
122613_1767690600;59.4
122613_1767690900;88.8
122613_1767691200;54.3
122613_1767691500;11.5
122048_1767695400;-67.3
122048_1767695700;-49.5
122048_1767696000;-3.5
122048_1767696300;64.1
122048_1767696600;39.4
122048_1767696900;-58.1
133300_1767699000;-10.5
122048_1767699000;-112.5
133300_1767699300;41.0
122048_1767699300;-121.8
122048_1767699600;-103.2
133300_1767699600;79.9
122048_1767699900;-111.3
133300_1767699900;26.7
122048_1767700200;-80.7
133300_1767700200;65.4
122048_1767700500;22.6
133300_1767700500;65.4
133957_1767700800;48.6
133957_1767701100;73.3
133957_1767701400;82.1
133957_1767701700;57.4
133957_1767702000;74.8
133957_1767702300;138.5
129964_1767702600;-6.4
129964_1767702900;-60.2
129964_1767703200;-26.1
129964_1767703500;-10.3
129964_1767704100;-60.5
122658_1767706200;156.6
122658_1767706500;0.5
122658_1767706800;2.5
122658_1767707100;3.1
122658_1767707400;0.5
131672_1767709800;95.6
122048_1767709800;-21.4
131672_1767710100;5.7
122048_1767710100;8.1
131672_1767710400;-16.9
122048_1767710400;-20.7
122048_1767710700;-46.8
131672_1767710700;-27.3
131672_1767711000;-51.0
122048_1767711000;85.9
122048_1767711300;7.8
131672_1767711300;-75.6
132430_1767713400;302.2
133300_1767713400;-25.4
132430_1767713700;317.6
133300_1767713700;-47.8
133300_1767714000;-68.8
132430_1767714000;272.1
132430_1767714300;93.3
133300_1767714600;-20.2
132430_1767714600;346.5
132430_1767714900;332.1
133300_1767714900;13.6
122048_1767717000;4.8
122048_1767717300;-22.8
122048_1767717600;-37.4
122613_1767718800;39.7
132430_1767720000;52.6
132430_1767720300;67.8
131672_1767722400;127.2
131672_1767722700;154.4
131672_1767723000;210.2
131672_1767723300;307.4
131672_1767723600;289.9
131672_1767723900;221.4
133957_1767724200;246.5
132430_1767727800;212.1
132430_1767728100;313.7
132430_1767728400;158.4
132430_1767728700;321.4
132430_1767729000;142.3
132430_1767729300;116.9
122048_1767731400;11.5
122048_1767731700;18.0
122048_1767732000;34.1
122048_1767732300;39.9
122048_1767732600;69.0
122048_1767732900;75.3
134040_1767733200;215.5
134040_1767733500;264.6
134040_1767733800;379.4
134040_1767734100;381.4
134040_1767734400;393.6
134040_1767734700;334.0
130072_1767736800;-11.4
130072_1767737100;-6.3
130072_1767737400;-10.4
130072_1767737700;12.2
130072_1767738000;18.1
130072_1767738300;-6.5
130072_1767742200;13.4
130072_1767742500;5.8
130072_1767742800;12.4
130072_1767743100;20.0
130072_1767743400;-0.1
130072_1767743700;7.4
